Name,glossiness(Pred),glossiness(GT),refsharp(Pred),refsharp(GT),contgloss(Pred),contgloss(GT),metallicness(Pred),metallicness(GT),lightness(Pred),lightness(GT),anisotropy(Pred),anisotropy(GT)
./test/imgs/[1_1_cambridge_2k][bunny_vt][MERL-natural-209].jpg,0.12758155167102814,0.16666666666666666,0.04283599182963371,0.16666666666666666,0.031569916754961014,0.16666666666666666,0.05712280794978142,0.0,0.1605304479598999,0.0,0.05313489958643913,0.0
./test/imgs/[1_1_cambridge_2k][bunny_vt][MERL-neoprene-rubber].jpg,0.2020084112882614,0.0,0.08197396993637085,0.0,0.06957938522100449,0.0,0.1281861662864685,0.0,0.5042083859443665,0.0,0.07029739767313004,0.0
./test/imgs/[1_1_cambridge_2k][bunny_vt][MERL-nickel].jpg,0.983930766582489,0.6666666666666666,0.8738585114479065,0.16666666666666666,0.9049438834190369,0.16666666666666666,0.9843425154685974,0.6666666666666666,0.8156633377075195,0.3333333333333333,0.5140201449394226,0.0
./test/imgs/[1_1_cambridge_2k][bunny_vt][MERL-nylon].jpg,0.15202929079532623,0.0,0.08056501299142838,0.0,0.09222829341888428,0.0,0.0923059806227684,0.0,0.2856180667877197,0.3333333333333333,0.09850432723760605,0.16666666666666666
./test/imgs/[1_1_cambridge_2k][bunny_vt][MERL-orange-paint].jpg,0.09144240617752075,0.0,0.051542241126298904,0.0,0.039171237498521805,0.0,0.06879743188619614,0.0,0.36876797676086426,0.6666666666666666,0.057320673018693924,0.0
./test/imgs/[1_1_cambridge_2k][bunny_vt][MERL-pearl-paint].jpg,0.4751858711242676,0.16666666666666666,0.14733783900737762,0.0,0.17287524044513702,0.0,0.3886730968952179,0.0,0.6062696576118469,0.5,0.13601191341876984,0.0
./test/imgs/[1_1_cambridge_2k][bunny_vt][MERL-pickled-oak-260].jpg,0.19149963557720184,0.0,0.08824646472930908,0.0,0.08773908764123917,0.0,0.14687085151672363,0.0,0.2981586456298828,0.16666666666666666,0.0728970542550087,0.0
